Time,RtoR
,13214
,141
,315
,169
,374
,124
,172
,238
,9850
,4728
,5575
,7714
,1532
,4988
,5655
,2028
,10828
,19139
,20996
,246
,170
,22897
,2527
,1260
,692
,10850
,6838
,1689
,493
,970
,25001
,781
,10891
,1044
,3808
,7253
,1880
,376
,6830
,10196
,1577
,12243
,15217
,522
,1292
,10387
,719
,8637
,1459
,9082
,110
,432
,3479
,1793
,688
,2214
,314
,312
,411
,1249
,709
,2034
,1322
,838
,1378
,302
,573
,1238
,248
,798
,940
,1357
,2596
,202
,643
,2740
,793
,269
,134
,647
,457
,498
,214
,777
,3130
,493
,89
,528
,343
,156
,250
,1039
,961
,608
,492
,160
,887
,508
,487
,164
,387
,465
,541
,213
,699
,109
,202
,284
,1589
,484
,2002
,762
,266
,182
,632
,227
,813
,388
,852
,1565
,454
,751
,244
,1005
,991
,986
,748
,245
,1026
,287
,454
,282
,457
,1042
,250
,1666
,1323
,2306
,2340
,447
,1004
,3139
,1126
,181
,388
,406
,1014
,171
,370
,57
,493
,2359
,1480
,204
,1316
,199
,1356
,1887
,985
,573
,532
,1466
,944
,2766
,1040
,1053
,457
,1403
,58
,459
,1046
,326
,384
,1416
,253
,375
,832
,452
,1111
,243
,1233
,539
,519
,96
,312
,97
,933
,702
,322
,85
,427
,92
,1132
,891
,1595
,112
,468
,1086
,1758
,984
,385
,728
,1211
,2710
,1038
,3992
,348
,1000
,791
,520
,1141
,1557
,66
,2430
,235
,858
,1202
,1641
,1371
,9380
,1034
,399
,2157
,1170
,980
,1089
,372
,118
,1578
,2291
,530
,3012
,103
,328
,688
,382
,107
,783
,439
,926
,103
,313
,565
,216
,366
,76
,239
,716
,1649
,1060
,1014
,2303
,1602
,844
,300
,2692
,2522
,929
,127
,222
,1318
,257
,749
,147
,1410
,1290
,2559
,1269
,366
,953
,1242
,1290
,1269
,1290
,682
,1880
,1022
,246
,1243
,976
,341
,189
,581
,521
,795
,583
,386
,587
,210
,538
,732
,1289
,2560
,772
,497
,1434
,1127
,425
,864
,1271
,363
,456
,472
,1269
,1289
,1271
,1291
,1269
,1289
,1272
,1289
,1269
,1288
,1272
,1292
,1269
,1289
,1271
,1291
,1268
,1292
,1270
,1289
,1270
,1290
,1271
,1289
,1271
,1288
,1271
,1290
,1270
,1289
,1271
,1292
,1268
,1289
,1270
,1291
,1270
,1290
,1270
,1290
,1270
,1287
,1273
,1291
,1269
,1289
,1272
,1290
,1268
,1291
,1269
,1291
,1270
,1290
,1270
,1290
,1270
,1290
,1270
,1289
,1270
,1291
,1269
,1291
,1270
,1290
,1269
,1291
,1269
,1290
,1271
,1288
,1272
,1289
,1270
,1291
,1269
,1292
,1268
,1291
,1270
,1289
,1271
,1290
,1270
,1291
,1269
,1289
,1270
,1290
,1271
,1291
,1269
,1289
,1271
,1290
,1269
,1291
,1270
,1290
,1270
,1290
,1270
,1288
,1271
,1288
,1274
,1288
,1271
,1290
,1270
,1289
,1271
,1215
,1345
,1289
,1271
,1289
,1270
,1290
,1270
,1291
,1270
,1289
,1271
,1289
,1271
,1288
,1271
,1290
,1270
,1291
,1271
,1288
,1272
,1289
,1269
,1289
,1272
,1290
,1271
,1288
,1270
,1291
,1269
,1290
,1270
,1289
,1272
,1290
,1269
,1291
,1270
,1289
,1271
,1289
,1271
,1289
,1271
,1290
,1270
,1290
,1270
,1289
,1272
,1287
,1271
,1290
,1271
,1287
,1273
,1289
,1271
,1288
,1272
,1291
,1269
,1291
,1269
,1291
,1269
,1289
,1270
,1290
,1271
,1290
,1270
,1290
,1270
,1289
,1270
,1291
,1270
,1289
,1270
,1289
,1271
,1290
,1270
,1291
,1269
,1290
,1270
,1290
,1271
,1289
,1272
,1288
,1270
,1290
,1270
,1290
,1270
,1291
,1270
,1289
,1272
,1288
,1270
,1290
,1271
,1289
,1270
,1290
,1271
,1289
,1270
,1289
,1272
,1289
,1271
,1289
,1270
,1288
,1272
,1291
,1269
,1291
,1270
,1290
,1270
,1289
,1271
,1289
,1271
,433
,2126
,1290
,1270
,1291
,1270
,851
,438
,1271
,1289
,203
,1067
,1290
,1271
,1289
,1270
,1289
,1272
,1289
,1270
,1290
,1272
,1287
,1273
,1288
,1271
,1289
,1270
,1291
,1269
,1290
,1270
,1290
,1270
,1290
,1271
,1290
,1270
,1290
,1269
,1290
,1271
,1289
,1271
,1289
,1270
,1291
,1269
,1290
,1227
,1333
,1270
,1290
,1270
,1287
,1273
,1289
,1271
,1290
,1271
,1289
,1271
,1289
,1271
,1290
,1270
,1288
,1271
,1290
,1270
,1290
,1271
,1290
,1271
,1289
,1270
,1290
,1270
,1290
,1270
,1289
,1271
,1289
,1271
,1288
,1272
,1287
,1272
,1291
,1270
,1289
,1271
,1290
,1269
,1290
,1271
,1289
,1270
,1291
,1270
,1289
,1271
,1289
,1271
,1289
,1271
,1289
,1270
,1290
,1270
,1291
,1269
,1290
,1271
,1289
,1270
,1291
,1270
,1289
,1271
,1289
,1271
,1288
,1271
,1290
,1270
,1291
,1270
,1289
,1270
,1291
,1270
,1288
,1272
,1288
,1272
,1289
,1271
,1289
,1270
,1290
,383
,887
,554
,736
,1271
,1289
,1271
,1290
,1269
,1291
,1269
,1288
,1272
,1290
,1271
,1289
,1270
,1290
,1271
,1289
,1271
,1289
,1271
,1289
,1271
,1289
,1271
,934
,354
,1271
,1290
,1271
,1290
,1269
,1289
,1271
,1290
,1270
,1290
,1270
,1290
,1271
,1287
,1272
,1287
,1273
,1291
,1269
,1291
,1269
,1289
,1271
,1291
,1270
,1289
,1270
,1289
,1272
,1289
,1270
,1290
,1270
,1289
,1272
,1288
,1271
,1291
,1269
,2560
,1290
,1270
,1290
,1270
,1290
,1271
,1287
,1272
,1290
,1271
,1289
,1270
,1289
,1272
,1288
,1272
,1289
,1270
,1290
,1270
,1249
,1312
,1289
,1270
,1290
,1270
,1289
,1272
,1289
,1271
,1289
,1271
,1288
,1271
,1290
,1270
,1289
,1272
,1288
,1271
,1289
,1272
,1288
,1272
,1289
,1270
,1289
,1271
,1290
,1270
,1290
,1270
,1289
,1271
,1289
,1271
,1289
,1271
,1290
,1271
,1288
,1272
,1288
,1272
,1289
,1270
,1289
,1271
,1290
,1270
,1286
,1275
,1288
,1271
,1290
,1270
,1289
,1271
,1290
,1270
,1290
,1270
,1289
,1272
,1290
,1270
,1289
,1270
,1290
,1270
,1290
,1270
,1290
,1271
,1288
,1271
,1289
,1271
,1290
,1271
,1288
,1272
,1284
,1276
,1289
,1271
,1289
,1270
,1290
,1270
,1290
,1271
,1289
,1271
,1288
,1272
,1288
,1270
,1291
,1269
,1290
,1271
,1290
,1270
,1289
,1272
,1287
,1272
,1289
,1271
,1290
,1271
,1288
,1270
,1289
,1271
,1289
,1272
,1289
,1271
,1289
,1272
,1288
,1271
,1290
,1271
,1289
,1270
,1290
,1269
,1288
,522
,1293
,1290
,1268
,1282
,485
,1293
,1289
,1269
,1287
,1450
,1288
,1271
,1289
,1273
,1288
,1272
,1288
,1271
,1289
,1271
,1290
,1272
,1287
,1271
,1289
,1272
,2559
,1286
,7063
,1090
,3068
,559
,240
,4762
,201
,9340
,4406
,3308
,509
,18059
,2849
,1484
,3880
,16183
,16272
,505
,7394
,613
,6371
,421
,155
,5933
,3862
,172
,32159
,9764
,728
,3164
,2135
,1366
,23132
,31400
,9466
,3751
,563
,1562
,1596
,2154
,8714
,8480
,1588
,673
,262
,636
,127
,9708
,2397
,121
,968
,272
,6466
,680
,94
,1047
,1261
,1792
,3850
,1270
,1291
,1269
,1290
,1270
,1290
,1271
,1290
,1203
,1358
,1268
,1290
,1270
,1291
,1269
,1290
,1270
,1291
,1269
,1288
,1273
,1289
,1270
,1291
,1269
,1292
,1267
,1291
,1269
,1293
,1269
,1290
,1269
,1292
,1268
,1289
,1271
,1290
,1270
,1291
,1269
,1291
,1269
,1289
,1271
,1291
,1270
,1288
,1272
,1289
,1271
,1282
,1277
,1292
,1269
,1289
,1270
,1224
,1335
,1291
,1270
,1289
,1272
,1291
,1269
,1290
,1270
,1289
,1270
,1292
,1269
,1290
,1270
,1291
,1267
,1290
,1271
,1290
,1271
,1288
,1272
,1289
,1270
,1283
,1277
,1292
,1269
,1289
,1271
,1290
,1269
,1288
,1272
,1287
,1273
,1290
,1271
,1289
,1269
,1290
,1271
,1291
,1269
,1290
,1270
,1290
,1270
,1287
,1274
,2559
,2561
,1287
,1272
,2556
,136
,3718
,5119
,1272
,10239
,1290
,1270
,1290
,1270
,1291
,1268
,1289
,1272
,1289
,1270
,1290
,1271
,1289
,1271
,1243
,1317
,1290
,1271
,1290
,1268
,1290
,1271
,1242
,1319
,1288
,1272
,1288
,1271
,1291
,1268
,1290
,1271
,1290
,1270
,1290
,1270
,1292
,1269
,1290
,1269
,1290
,1271
,1287
,1273
,1288
,1271
,2560
,1292
,1268
,1290
,1270
,1292
,1268
,1289
,1271
,1290
,1271
,1287
,1273
,1290
,1269
,1289
,1271
,1291
,2559
,1270
,1292
,1268
,1290
,2560
,1270
,1291
,1269
,1289
,1272
,2559
,1292
,1268
,1290
,1270
,1290
,1270
,1291
,1269
,1290
,1270
,1289
,1272
,1291
,1268
,1291
,1269
,1289
,2562
,1269
,1291
,1269
,1291
,1269
,2560
,1290
,1270
,1290
,1271
,1290
,1269
,1290
,1270
,1291
,1269
,637
,654
,1270
,1288
,1270
,1293
,1268
,1289
,463
,808
,146
,704
,2262
,2093
,6808
,723
,1474
,544
,1287
,607
,1272
,645
,635
,104
,562
,817
,1087
,592
,399
,279
,6429
,1545
,974
,346
,2736
,708
,144
,832
,1331
,878
,1910
,1316
,507
,247
,954
,343
,249
,125
,1176
,2087
,290
,1495
,256
,1675
,270
,976
,4551
,396
,1807
,1298
,697
,202
,260
,415
,513
,91
,519
,2140
,2397
,374
,609
,427
,1149
,262
,1712
,273
,525
,396
,820
,387
,1141
,795
,150
,715
,1346
,216
,158
,576
,1133
,756
,619
,350
,245
,666
,338
,158
,1023
,204
,1198
,258
,217
,434
,472
,953
,217
,183
,643
,1457
,265
,220
,1347
,83
,245
,431
,932
,359
,285
,2511
,259
,677
,1510
,1351
,158
,648
,311
,1150
,440
,398
,811
,401
,594
,1607
,139
,443
,436
,12757
,5611
,17659
,379
,128
,2928
,561
,948
,532
,353
,684
,14
,9984
,25663
,2537
,1433
,1857
,928
,124
,1042
,708
,467
,688
,539
,1186
,505
,1406
,960
,1217
,1633
,2007
,1011
,2572
,1565
,281
,786
,991
,1194
,6974
,5310
,862
,2575
,283
,268
,896
,455
,358
,319
,51
,1206
,929
,1039
,555
,402
,735
,233
,1109
,130
,810
,145
,552
,990
,2214
,1776
,720
,1590
,706
,130
,1413
,272
,1099
,1570
,3516
,139
,17887
,21917
,21975
,24499
,7333
,8290
,12843
,16557
,1235
,7164
,114
,8829
,439
,6326
,10401
,573
,75
,2312
,21699
,1067
,1992
,2322
,10872
,550
,1210
,8135
,540
,251
,241
,3666
,174
,484
,1905
,6377
,50
,238
,467
,541
,5265
,5174
,6923
,1392
,902
,6501
,974
,1341
,411
,2100
,140
,586
,3073
,5976
,2813
,1470
,9364
,277
,321
,20736
,32148
,550
,1419
,15319
,11864
,7744
,16482
,391
,16284
,313
,20578
,7387
,454
,5978
,4855
,342
,2053
,2309
,1193
,2378
,533
,110
,1391
,1157
,1793
,1264
,277
,103
,1371
,273
,4959
,1369
,737
,1328
,908
,1486
,859
,1133
,9157
,667
,2571
,2909
,393
,847
,362
,326
,316
,1110
,359
,1114
,1335
,26383
,699
,464
,199
,5239
,1274
,958
,7034
,1314
,2569
,232
,443
,442
,1650
,690
,276
,609
,6399
,329
,2110
,2756
,3404
,3208
,60
,1198
,25
,4505
,321
,1278
,11424
,26831
,433
,28446
,1824
,12998
,114
,4769
,916
,4021
,3348
,748
,8772
,216
,1141
,649
,761
,1263
,1327
,1210
,940
,137
,670
,634
,5844
,242
,1478
,2384
,568
,1731
,26341
,8278
,2580
,3470
,12048
,1138
,11493
,319
,5061
,952
,6668
,8223
,462
,11280
,233
,3775
,1853
,3253
,4504
,357
,5721
,37
,173
,10494
,384
,824
,20814
,228
,5596
,2087
,330
,310
,29002
,153
,11159
,10445
,286
,4998
,3962
,93
,1358
,5735
,2273
,296
,4743
,990
,3759
,723
,56
,326
,1514
,30442
,11203
,8837
,6129
,3853
,10346
,5797
,4476
,8852
,6684
,5860
,1246
,247
,679
,2092
,1026
,192
,3135
,4198
,537
,1813
,4654
,9547
,6605
,5502
,770
,1914
,503
,21
,7710
,731
,5514
,848
,2106
,1406
,426
,479
,3107
,7341
,492
,777
,355
,1180
,51
,3408
,77
,310
,511
,665
,599
,388
,287
,690
,182
,300
,398
,463
,245
,596
,809
,34
,1410
,94
,2239
,861
,242
,984
,574
,239
,817
,2161
,599
,75
,820
,2751
,2571
,1009
,650
,1698
,2141
,1145
,751
,333
,192
,597
,164
,239
,228
,398
,523
,224
,122
,917
,2110
,1212
,484
,2621
,522
,1721
,555
,397
,848
,180
,684
,1348
,673
,1265
,4250
,552
,1439
,269
,408
,262
,809
,541
,66
,1259
,1393
,501
,1127
,1736
,122
,627
,1962
,1715
,336
,1856
,1881
,611
,1544
,1138
,306
,765
,283
,412
,1756
,1083
,428
,1033
,271
,1464
,529
,168
,675
,103
,664
,1092
,1104
,1306
,183
,1461
,531
,274
,284
,1184
,1518
,371
,809
,277
,325
,2269
,571
,734
,1123
,300
,105
,341
,1430
,575
,1064
,1393
,651
,1645
,1226
,531
,937
,1230
,280
,1669
,339
,244
,1127
,916
,838
,340
,1437
,636
,427
,490
,327
,990
,1312
,127
,297
,4717
,728
,3980
,938
,195
,109
,771
,2208
,441
,5662
,1942
,1736
,2036
,337
,200
,385
,442
,239
,12389
,566
,11926
,1412
,12368
,176
,4414
,837
,1743
,8517
,580
,1695
,691
,343
,1668
,1187
,860
,566
,260
,16079
,125
,381
,486
,158
,25991
,2735
,3163
,769
,2954
,956
,461
,6341
,1126
,975
,513
,2956
,13129
,343
,8831
,5679
,604
,1973
,2980
,244
,314
,1238
,872
,87
,523
,1126
,2076
,527
,5593
,490
,521
,185
,539
,208
,800
,766
,1014
,2579
,7957
,5959
,430
,2516
,6007
,481
,212
,5611
,1825
,1604
,732
,8810
,9317
,8329
,1968
,3823
,1389
,158
,611
,672
,749
,198
,442
,407
,479
,954
,247
,391
,1688
,335
,5101
,313
,597
,8052
,1071
,991
,22336
,2506
,9255
,3317
,1214
,3416
,3559
,664
,465
,813
,12539
,1272
,1291
,1269
,1289
,1270
,1290
,1270
,1288
,1273
,1290
,713
,563
,1284
,1269
,510
,2629
,827
,2762
,1007
,1038
,196
,244
,4310
,6063
,790
,1339
,384
,2298
,1076
,2511
,972
,262
,2037
,792
,154
,2291
,244
,693
,508
,948
,1317
,487
,364
,181
,1006
,548
,513
,983
,1238
,1103
,906
,634
,506
,935
,1189
,1140
,1117
,1145
,865
,1384
,529
,866
,483
,11450
,5050
,7192
,11976
,25096
,251
,759
,7658
,1527
,4864
,8346
,931
,1554
,549
,403
,837
,108
,1328
,1209
,1516
,782
,5180
,571
,2124
,112
,2848
,1101
,6242
,3730
,5432
,2365
,237
,1398
,803
,1508
,154
,1865
,451
,2374
,2208
,3569
,289
,187
,907
,1022
,915
,958
,2135
,1268
,987
,2720
,1832
,460
,1212
,559
,955
,462
,18
,2014
,539
,696
,1382
,720
,1457
,989
,1762
,815
,1512
,261
,56
,1197
,2798
,1715
,731
,2636
,393
,4424
,2011
,3913
,1701
,11376
,9515
,698
,888
,460
,1133
,5777
,231
,1303
,930
,1686
,2396
,11308
,60
,1616
,267
,4024
,1038
,18053
,22464
,9709
,2630
,14483
,107
,3098
,91
,8363
,604
,7394
,1422
,1291
,4362
,9482
,2974
,1642
,5348
,441
,1090
,1771
,6153
,1445
,1588
,396
,3319
,898
,9650
,1201
,303
,130
,785
,883
,30309
,5892
,10088
,1375
,247
,11567
,5938
,1002
,899
,892
,1829
,8363
,2857
,2640
,12197
,443
,404
,280
,9199
,3064
,568
,530
,564
,6523
,1772
,1153
,5508
,526
,10096
,1733
,8681
,3189
,744
,2839
,1059
,1318
,547
,1784
,1243
,1317
,1288
,1271
,1290
,1269
,1291
,1270
,1291
,1269
,1294
,2556
,1270
,1293
,1267
,1289
,1272
,1292
,1267
,1291
,1270
,1291
,1269
,1288
,1270
,1292
,1269
,1289
,1272
,1288
,1272
,1285
,1275
,1290
,1269
,1290
,1270
,1293
,1267
,1289
,1271
,1292
,1269
,1289
,1269
,1294
,1268
,1290
,1269
,1294
,1267
,1288
,1272
,1291
,1268
,1290
,1270
,1290
,1271
,1289
,1270
,1289
,1271
,1282
,1278
,1294
,1267
,1288
,1271
,5707
,317
,746
,443
,329
,206
,3138
,396
,327
,334
,743
,786
,1028
,471
,78
,620
,327
,676
,213
,363
,1110
,1293
,1553
,283
,322
,185
,526
,505
,331
,322
,450
,619
,799
,252
,324
,1618
,1637
,877
,479
,1661
,381
,389
,134
,3036
,32293
,302
,448
,6919
,1064
,363
,59
,260
,377
,270
,1088
,1002
,392
,324
,1867
,831
,548
,1455
,581
,445
,601
,550
,1775
,379
,574
,453
,395
,988
,147
,388
,448
,121
,771
,253
,567
,1385
,257
,602
,580
,1587
,667
,210
,73
,1373
,594
,138
,3437
,2871
,209
,9055
,919
,1482
,145
,1438
,600
,361
,9663
,7584
,3046
,2406
,578
,9017
,3251
,1995
,2612
,506
,2582
,1543
,3745
,14894
,2082
,4426
,987
,1201
,2413
,365
,350
,460
,625
,1687
,1857
,368
,159
,349
,721
,1609
,259
,1449
,386
,1089
,231
,446
,273
,668
,296
,656
,502
,269
,421
,2570
,769
,29316
,239
,1318
,617
,2234
,609
,1642
,55
,506
,750
,9660
,1185
,446
,2333
,3578
,44
,20664
,16189
,1620
,42
,214
,1675
,80
,3401
,3679
,283
,5551
,125
,5387
,1621
,288
,812
,1589
,2134
,2438
,945
,431
,592
,463
,2058
,2159
,96
,710
,1110
,337
,275
,51
,293
,6503
,1119
,211
,896
,5922
,1073
,1431
,186
,1363
,1293
,972
,1091
,2299
,671
,250
,490
,1508
,325
,450
,1025
,210
,176
,912
,1617
,3240
,684
,1699
,2744
,692
,420
,528
,3601
,289
,719
,1035
,437
,717
,275
,228
,4627
,1319
,463
,599
,491
,290
,790
,792
,343
,7509
,476
,746
,532
,1557
,668
,8748
,3914
,1985
,430
,497
,84
,2124
,20139
,401
,6307
,605
,6389
,1436
,134
,938
,244
,512
,672
,1024
,826
,9633
,223
,2496
,1711
,222
,1894
,1642
,1504
,1549
,350
,587
,335
,595
,829
,324
,1778
,1468
,723
,383
,1207
,1105
,744
,1729
,1682
,291
,1262
,2365
,1047
,2194
,891
,630
,309
,864
,4987
,1099
,2234
,22399
,1056
,355
,256
,29984
,575
,5624
,624
,859
,1523
,7910
,2092
,3283
,955
,657
,425
,433
,1625
,4537
,2535
,2233
,10144
,23239
,25889
,11201
,476
,4552
,476
,2084
,1249
,1983
,36
,21219
,90
,30530
,6523
,1163
,5264
,2039
,1381
,3339
,1015
,1166
,737
,607
,275
,252
,309
,822
,1008
,2387
,394
,66
,1154
,5376
,28080
,28543
,1133
,1225
,21126
,30950
,16348
,36
,6944
,3470
,3739
,513
,1819
,929
,1240
,2548
,2899
,1152
,1065
,750
,243
,86
,2534
,956
,647
,409
,342
,10650
,30962
,10114
,593
,497
,6746
,30457
,12359
,641
,423
,23491
,16172
,3649
,20004
,1104
,357
,7218
,265
,1018
,1207
,32660
,345
,229
,562
,119
,677
,63
,7
,6786
,1436
,1817
,885
,1172
,2222
,781
,2893
,2768
,1646
,96
,11993
,506
,2230
,3721
,6760
,957
,8027
,1932
,3666
,643
,4612
,1355
,2182
,277
,384
,243
,158
,11442
,3309
,148
,465
,395
,3388
,4733
,3081
,1340
,3146
,11977
,1131
,3957
,792
,1568
,430
,2662
,67
,620
,664
,14221
,1192
,52
,13715
,227
,234
,1048
,5642
,3700
,1761
,1440
,784
,3732
,386
,394
,656
,36
,1912
,258
,506
,129
,1525
,928
,3137
,894
,1028
,3600
,1267
,477
,174
,707
,2399
,979
,1517
,3748
,965
,4295
,1063
,1929
,6876
,1583
,748
,4404
,279
,5906
,791
,443
,423
,6287
,9338
,1456
,1528
,876
,123
,703
,1559
,619
,116
,2885
,542
,227
,3508
,443
,1625
,96
,1520
,11223
,226
,12425
,1291
,1527
,12571
,6300
,10461
,392
,275
,261
,1059
,2010
,2392
,472
,678
,872
,397
,4448
,2862
,34
,1932
,4995
,1500
,1373
,1290
,462
,354
,251
,927
,201
,331
,590
,1226
,556
,567
,310
,1125
,837
,355
,643
,3841
,1932
,3251
,4434
,265
,2713
,2238
,369
,418
,740
,1315
,839
,382
,2150
,895
,761
,816
,48
,874
,2459
,2147
,2014
,865
,184
,2371
,285
,4325
,1387
,1285
,630
,590
,1167
,615
,384
,327
,550
,28
,1030
,263
,739
,278
,1380
,74
,265
,793
,1556
,6092
,104
,1105
,191
,488
,1490
,982
,801
,347
,549
,434
,414
,697
,426
,1806
,590
,2492
,1331
,89
,1592
,1273
,673
,137
,3753
,1000
,456
,417
,2143
,213
,2652
,652
,7382
,1943
,813
,967
,1164
,1688
,258
,125
,691
,214
,993
,690
,298
,9655
,21405
,24538
,1683
,8097
,2946
,11801
,763
,28763
,5966
,1953
,864
,14460
,14177
,27995
,324
,26774
,13237
,550
,8479
,1052
,3463
,7921
,2297
,7891
,4325
,4447
,6112
,1602
,575
,774
,22299
,225
,7172
,161
,597
,138
,7977
,32388
,4581
,753
,17447
,163
,1185
,12860
,20242
,973
,353
,13769
,13298
,30030
,2183
,8867
,7861
,7981
,201
,11873
,2168
,2255
,6551
,9000
,434
,6054
,5873
,3432
,9265
,744
,3586
,1268
,2896
,5464
,284
,220
,6662
,1490
,485
,17124
,795
,166
,1031
,5354
,1242
,1280
,1281
,2559
,1318
,1288
,1271
,1292
,1269
,1289
,1271
,1289
,1271
,1290
,1270
,1289
,1271
,1289
,1270
,1292
,1268
,1290
,2560
,1270
,1288
,1273
,1288
,1272
,1288
,1270
,1292
,1269
,1290
,1270
,1289
,1272
,1289
,1270
,1290
,1271
,519
,4251
,295
,124
,959
,9853
,577
,1388
,971
,7
,220
,23027
,1347
,2867
,1013
,279
,2406
,1788
,605
,1702
,345
,748
,1785
,690
,2662
,1016
,122
,330
,897
,95
,1873
,220
,1018
,512
,120
,292
,3537
,1056
,604
,398
,492
,1136
,4193
,942
,1482
,1763
,1139
,262
,337
,61
,2232
,666
,2604
,1153
,331
,1715
,268
,2330
,208
,372
,712
,2590
,1640
,454
,4130
,10314
,98
,258
,671
,583
,1261
,135
,327
,3180
,1152
,1295
,799
,352
,243
,593
,521
,41
,341
,643
,319
,1164
,772
,371
,1229
,177
,294
,259
,1218
,885
,291
,213
,340
,962
,48
,428
,367
,506
,379
,379
,658
,471
,255
,98
,688
,319
,292
,636
,493
,214
,206
,199
,614
,295
,471
,44
,289
,464
,348
,683
,1758
,844
,113
,238
,1469
,370
,446
,551
,448
,1280
,353
,458
,313
,127
,154
,515
,338
,142
,325
,738
,452
,827
,1153
,39
,1703
,444
,166
,781
,264
,259
,585
,952
,916
,382
,349
,280
,942
,396
,2204
,972
,1392
,912
,303
,1927
,265
,2986
,646
,600
,370
,735
,485
,189
,17895
,1552
,32533
,516
,5453
,29833
,446
,19281
,51
,10347
,1262
,550
,6354
,1327
,1440
,795
,1886
,383
,161
,391
,490
,171
,17885
,380
,266
,143
,341
,495
,4550
,748
,1201
,30956
,12560
,21449
,643
,5511
,27490
,6605
,476
,117
,1536
,30749
,648
,1104
,2244
,1377
,1323
,7987
,4948
,1677
,4988
,76
,378
,3856
,1268
,1291
,1269
,1290
,1270
,1290
,1270
,1290
,1270
,1290
,1271
,1288
,1271
,1290
,1270
,1290
,1271
,1288
,1270
,1292
,1269
,1288
,1272
,1291
,1269
,1291
,1270
,1290
,1269
,1290
,1269
,1291
,1270
,1291
,1269
,811
,479
,162
,1108
,1290
,1270
,1290
,1270
,1289
,2560
,1271
,1291
,1270
,1290
,1269
,1290
,1268
,1292
,15966
,13984
,589
,925
,8621
,226
,1678
,15166
,89
,5057
,7293
,10552
,101
,7991
,17634
,1107
,244
,1443
,6309
,616
,642
,480
,260
,213
,88
,9482
,924
,106
,576
,196
,801
,230
,380
,6091
,405
,6200
,6497
,270
,953
,6436
,2348
,2543
,2025
,1073
,3053
,2443
,896
,1909
,993
,181
,459
,31
,2171
,251
,308
,2615
,1392
,1340
,523
,1713
,398
,324
,2446
,978
,36
,636
,226
,1498
,297
,9501
,41
,943
,19686
,6501
,3196
,5527
,606
,2134
,800
,2376
,946
,1001
,735
,1239
,346
,1372
,361
,809
,1690
,34
,1941
,401
,1659
,2993
,855
,5610
,1835
,361
,781
,645
,617
,62
,2288
,1540
,622
,507
,391
,732
,634
,485
,2589
,1485
,2977
,5858
,455
,580
,566
,1287
,648
,1126
,1216
,1361
,1195
,1883
,646
,1426
,989
,1702
,975
,2378
,1549
,1627
,1410
,391
,926
,2386
,3224
,1564
,751
,1292
,625
,1097
,191
,3018
,449
,1216
,510
,501
,1150
,1609
,1420
,1899
,2740
,890
,1297
,1308
,1569
,3322
,2510
,712
,2494
,1018
,116
,482
,1818
,5522
,3026
,403
,445
,639
,172
,823
,1581
,931
,997
,643
,264
,221
,305
,1057
,218
,253
,721
,1302
,163
,619
,2215
,1669
,484
,839
,173
,380
,427
,448
,567
,1024
,755
,430
,357
,507
,157
,344
,356
,213
,263
,1154
,646
,327
,79
,935
,104
,1297
,1076
,488
,52
,1067
,305
,386
,286
,545
,254
,396
,664
,1013
,521
,44
,617
,2994
,276
,586
,1830
,678
,1050
,1235
,2261
,56
,2763
,1405
,884
,1809
,1425
,193
,315
,633
,647
,1160
,2063
,4725
,221
,573
,171
,629
,286
,184
,445
,1399
,1378
,1304
,3646
,596
,1558
,2408
,2826
,145
,374
,1434
,649
,1139
,555
,239
,631
,1850
,643
,1856
,289
,200
,158
,822
,3806
,1728
,257
,283
,361
,12944
,289
,2813
,5339
,11256
,323
,6299
,4677
,4659
,1226
,118
,361
,915
,4058
,2090
,4969
,2650
,3059
,4677
,746
,1089
,356
,244
,520
,351
,267
,21044
,58
,446
,923
,6331
,1178
,2776
,763
,2241
,606
,380
,4628
,8914
,32371
,7304
,62
,491
,58
,26262
,10034
,124
,2687
,78
,953
,5991
,153
,203
,1622
,1025
,6446
,324
,291
,295
,359
,230
,813
,450
,217
,336
,499
,694
,522
,5328
,3252
,262
,3355
,442
,909
,1842
,418
,353
,5918
,2181
,176
,644
,2964
,106
,346
,1589
,93
,638
,349
,255
,829
,460
,295
,1766
,148
,346
,1906
,2877
,342
,1005
,1052
,207
,2933
,2103
,414
,4454
,772
,453
,615
,3097
,2204
,1798
,1350
,1508
,194
,514
,531
,1918
,508
,1684
,414
,369
,1039
,1543
,222
,547
,228
,77
,2756
,1103
,438
,1173
,1452
,476
,786
,944
,446
,401
,213
,527
,690
,1180
,1468
,256
,366
,1279
,1734
,490
,168
,170
,889
,4437
,1213
,369
,840
,350
,256
,2803
,519
,30919
,416
,3673
,1622
,594
,1028
,532
,1180
,83
,1577
,353
,1255
,443
,637
,8285
,360
,23673
,6743
,899
,13789
,212
,413
,16720
,1401
,5721
,392
,1560
,6663
,1859
,133
,414
,65
,875
,206
,1619
,2921
,726
,2066
,853
,1315
,1152
,517
,595
,2485
,765
,480
,207
,449
,469
,113
,398
,367
,361
,727
,471
,682
,730
,544
,3156
,1289
,1271
,1289
,1270
,1288
,1272
,1289
,1271
,1290
,1270
,1290
,931
,339
,751
,540
,1269
,1290
,2560
,2560
,342
,928
,1059
,232
,470
,1134
,954
,2562
,2316
,244
,2559
,712
,560
,530
,729
,1434
,187
,1432
,2454
,980
,1706
,936
,1008
,268
,4204
,723
,545
,1356
,1021
,760
,285
,295
,490
,1023
,922
,2634
,109
,1380
,798
,981
,97
,443
,490
,161
,1068
,761
,303
,120
,487
,1326
,177
,552
,325
,1044
,71
,680
,68
,516
,2436
,406
,247
,354
,596
,1499
,183
,327
,1272
,419
,186
,442
,170
,339
,793
,220
,162
,262
,421
,344
,283
,304
,201
,476
,543
,483
,842
,317
,460
,1135
,229
,744
,415
,530
,162
,377
,1218
,441
,284
,603
,90
,357
,672
,183
,471
,520
,308
,545
,462
,813
,299
,709
,778
,924
,2100
,585
,424
,178
,556
,1027
,65
,565
,624
,81
,474
,309
,300
,412
,327
,854
,712
,78
,784
,413
,90
,273
,1211
,840
,357
,78
,424
,1446
,162
,533
,1958
,252
,405
,453
,248
,395
,462
,716
,766
,297
,405
,903
,253
,707
,1099
,181
,296
,1020
,334
,849
,638
,482
,1784
,372
,791
,999
,73
,642
,1569
,348
,215
,504
,1070
,550
,418
,1067
,976
,365
,420
,244
,289
,1453
,2514
,305
,297
,2442
,480
,584
,2654
,175
,1586
,106
,2499
,1163
,1133
,605
,424
,518
,1013
,121
,1031
,195
,334
,1026
,169
,1641
,994
,458
,374
,407
,302
,340
,468
,306
,1040
,701
,2068
,354
,279
,187
,1276
,498
,603
,400
,1461
,327
,1976
,87
,1152
,89
,354
,969
,617
,737
,383
,339
,1542
,45
,570
,291
,236
,999
,1730
,317
,702
,398
,966
,1239
,621
,990
,596
,270
,359
,750
,654
,683
,1636
,597
,187
,183
,1320
,386
,564
,618
,329
,331
,263
,410
,317
,1531
,1643
,615
,330
,296
,405
,228
,216
,827
,461
,301
,139
,676
,344
,452
,329
,381
,648
,161
,276
,241
,540
,281
,373
,620
,243
,343
,662
,2054
,1762
,556
,203
,198
,463
,507
,1101
,724
,92
,311
,1798
,297
,599
,686
,356
,207
,905
,175
,612
,251
,493
,1027
,185
,478
,150
,668
,279
,367
,295
,165
,1746
,349
,304
,53
,438
,1024
,71
,1068
,213
,378
,418
,313
,422
,325
,656
,480
,217
,472
,293
,577
,160
,397
,1034
,303
,1932
,1106
,850
,426
,349
,38
,746
,852
,1418
,775
,407
,1393
,906
,583
,2303
,236
,404
,1196
,125
,566
,342
,1127
,242
,169
,653
,684
,429
,1088
,604
,106
,523
,136
,825
,206
,615
,1104
,447
,324
,408
,312
,582
,446
,511
,687
,107
,950
,628
,493
,274
,126
,675
,72
,230
,737
,1013
,468
,228
,275
,490
,1080
,598
,166
,1123
,258
,53
,1029
,409
,875
,463
,362
,176
,566
,293
,748
,392
,1466
,625
,695
,378
,975
,767
,191
,1070
,424
,684
,293
,752
,576
,433
,450
,499
,176
,295
,2429
,465
,100
,459
,537
,705
,430
,245
,258
,1859
,1885
,66
,276
,532
,214
,1186
,284
,789
,510
,404
,229
,540
,698
,989
,82
,2204
,864
,1077
,444
,535
,926
,347
,302
,616
,431
,170
,2646
,2735
,1352
,176
,3173
,445
,376
,514
,449
,592
,1603
,1672
,295
,1093
,1165
,783
,320
,893
,197
,397
,774
,1492
,1561
,1095
,425
,1534
,538
,213
,711
,532
,939
,1109
,129
,512
,1276
,807
,516
,1357
,649
,2294
,4407
,1121
,840
,198
,1651
,280
,1548
,288
,1888
,46
,1063
,2031
,340
,757
,758
,829
,621
,166
,1113
,698
,1507
,1944
,907
,1019
,2071
,2093
,2449
,5048
,585
,235
,878
,1057
,1174
,180
,2153
,791
,2755
,71
,913
,383
,556
,1151
,847
,191
,347
,97
,2093
,339
,384
,509
,2617
,2675
,690
,163
,711
,551
,438
,709
,479
,535
,1353
,2624
,343
,42
,2591
,153
,1080
,192
,268
,2037
,4002
,778
,332
,5081
,319
,210
,408
,884
,3643
,1115
,918
,1903
,53
,281
,428
,1635
,1062
,603
,882
,347
,1443
,540
,698
,706
,835
,816
,1106
,573
,1224
,268
,99
,1299
,3040
,2630
,820
,1740
,1281
,185
,221
,362
,173
,558
,611
,1845
,196
,501
,524
,326
,225
,1886
,2506
,62
,432
,2022
,460
,941
,1069
,203
,1172
,650
,2703
,687
,1290
,1145
,1491
,220
,641
,3423
,803
,2725
,1322
,1654
,1067
,1163
,535
,560
,253
,199
,596
,357
,516
,343
,265
,294
,665
,899
,1752
,1043
,338
,773
,1045
,1513
,1570
,182
,390
,178
,1050
,401
,1807
,3107
,806
,1190
,88
,243
,542
,1283
,424
,693
,1348
,693
,525
,860
,1044
,246
,29
,2713
,354
,248
,1399
,908
,359
,714
,609
,253
,382
,232
,463
,359
,663
,2194
,21405
,1133
,300
,2568
,560
,1794
,2484
,3196
,1292
,1269
,1289
,1271
,1290
,1269
,1290
,1271
,1289
,1271
,1289
,1271
,1290
,1268
,1292
,1269
,1290
,1269
,2561
,1290
,1269
,1291
,1269
,1291
,1270
,1291
,1269
,1291
,1270
,1290
,1268
,1292
,1268
,1291
,1270
,1291
,1269
,1289
,1271
,1291
,1269
,1289
,1271
,1289
,1271
,1291
,1270
,1288
,1271
,1291
,1270
,1289
,1270
,1290
,1270
,1291
,2558
,1270
,1291
,1270
,1291
,1270
,1288
,1270
,1290
,2561
,1271
,250
,1039
,1270
,1291
,1269
,1290
,1270
,1290
,1270
,1290
,1271
,1289
,1270
,1290
,1270
,1289
,1271
,1291
,1269
,1290
,1270
,1290
,1270
,1290
,1270
,1290
,1270
,1290
,1270
,1291
,1269
,1290
,1271
,1289
,1270
,1289
,1271
,1291
,1270
,1289
,1269
,2560
,1291
,1271
,1288
,1270
,2562
,1288
,1270
,1291
,1269
,1292
,1268
,1290
,1270
,1290
,2560
,1270
,1290
,1270
,1291
,1269
,1291
,1270
,1291
,1268
,1290
,1272
,1290
,1268
,1291
,1270
,1288
,1272
,1290
,1270
,1289
,1270
,1290
,1271
,1291
,1269
,1289
,1272
,1289
,1270
,1290
,1270
,1290
,1270
,1290
,1271
,1290
,1269
,1289
,1271
,1291
,1269
,1288
,1272
,1290
,1271
,1289
,1270
,1289
,1271
,1290
,1270
,1289
,1270
,1291
,1269
,1291
,1269
,1292
,1269
,1290
,1269
,1292
,1269
,1289
,1270
,1292
,1269
,1290
,1271
,1289
,1270
,1291
,1269
,1288
,1273
,1288
,1272
,1288
,1271
,1289
,1271
,1289
,1271
,1289
,1270
,1290
,1271
,1290
,1271
,1289
,1270
,1291
,1268
,1291
,1269
,1290
,1270
,1290
,1270
,1290
,1270
,1291
,1270
,1290
,1269
,1290
,1270
,1290
,1272
,1288
,1270
,1292
,1268
,1291
,1270
,1290
,1270
,1290
,1270
,1290
,1270
,1291
,1269
,1289
,1270
,1291
,1270
,1289
,1270
,1290
,1269
,1293
,1268
,1291
,1270
,2201
,2582
,3933
,707
,1874
,1914
,895
,698
,90
,13338
,278
,10690
,14800
,5011
,15564
,3951
,5872
,12058
,2843
,8274
,748
,1062
,14825
,3216
,1026
,6341
,170
,4539
,843
,1225
,402
,447
,565
,1542
,237
,357
,584
,3648
,1294
,816
,269
,2834
,330
,764
,738
,2033
,441
,357
,11339
,7354
,2277
,1294
,61
,5040
,1188
,4338
,1177
,1218
,192
,8111
,1199
,11284
,641
,12472
,1217
,10587
,245
,11172
,332
,6414
,4458
,1736
,607
,769
,1266
,211
,7977
,941
,2349
,10439
,1300
,639
,514
,353
,13220
,7975
,2292
,11712
,228
,250
,474
,2017
,1133
,183
,2073
,5777
,1802
,1296
,3766
,10761
,955
,4433
,193
,1027
,1515
,398
,5124
,257
,341
,91
,424
,725
,1678
,492
,6414
,15370
,14756
,223
,4768
,9302
,1076
,292
,652
,1619
,871
,8207
,1234
,7122
,2249
,3928
,2649
,1885
,387
,673
,731
,1784
,280
,506
,400
,79
,403
,3972
,230
,2044
,60
,329
,815
,140
,313
,1292
,1741
,464
,1255
,990
,272
,287
,262
,132
,713
,250
,379
,428
,287
,535
,1332
,939
,1277
,1306
,217
,2760
,511
,429
,4598
,1264
,1124
,106
,1538
,7355
,8230
,605
,2887
,1136
,1147
,1047
,4116
,399
,971
,603
,1225
,236
,320
,400
,590
,3504
,363
,147
,1087
,366
,1596
,423
,371
,8321
,695
,823
,3579
,1284
,74
,3825
,15620
,1291
,1269
,6410
,1271
,1289
,1270
,743
,2587
,681
,268
,194
,3201
,494
,88
,388
,99
,2194
,1046
,486
,2961
,4298
,2263
,1265
,9461
,1895
,533
,648
,179
,1181
,535
,1155
,3690
,375
,456
,2419
,2073
,654
,5176
,439
,343
,1256
,220
,83
,2347
,119
,413
,2242
,1589
,4952
,116
,3512
,284
,257
,428
,725
,9229
,1810
,4281
,1037
,1484
,183
,1838
,277
,248
,110
,254
,1929
,75
,14035
,6087
,1024
,6654
,1162
,77
,671
,3055
,570
,368
,1862
,1141
,95
,1073
,164
,607
,109
,268
,344
,152
,311
,926
,612
,1005
,967
,912
,331
,1022
,374
,624
,1806
,184
,1473
,1420
,268
,321
,1186
,789
,681
,1191
,206
,8433
,649
,2512
,562
,18197
,8662
,857
,403
,1653
,985
,2787
,1758
,248
,329
,36
,929
,21749
,13486
,10601
,2116
,5967
,989
,3267
,10505
,6541
,264
,435
,3026
,1651
,604
,1219
,261
,3631
,37
,3534
,242
,908
,1407
,3235
,660
,505
,330
,616
,1023
,643
,384
,1532
,2162
,548
,2088
,1226
,688
,1264
,2830
,879
,1043
,1140
,79
,3174
,133
,603
,280
,3108
,10809
,6008
,348
,168
,4995
,1295
,31317
,7677
,141
,6411
,1257
,2497
,996
,241
,296
,77
,8854
,14284
,10059
,804
,4569
,615
,10493
,2074
,2021
,31809
,3048
,5334
,9040
,519
,6408
,3206
,4500
,122
,1793
,3933
,1420
,2365
,539
,4603
,282
,1416
,1536
,4032
,271
,5322
,1127
,1429
,577
,4252
,7617
,1549
,184
,285
,534
,192
,683
,592
,1053
,543
,11962
,10429
,1151
,707
,6495
,3681
,15497
,869
,16739
,29024
,17001
,2515
,811
,292
,1477
,930
,13102
,2829
,528
,97
,1076
,931
,8106
,873
,497
,268
,1151
,1742
,10521
,319
,1011
,26288
,499
,4106
,5802
,1206
,250
,869
,590
,2436
,1515
,1886
,1268
,618
,558
,1208
,95
,8725
,2155
,10635
,7567
,31417
,32
,850
,2793
,12545
,1006
,28081
,722
,529
,2075
,4618
,10111
,8990
,890
,1223
,611
,668
,2411
,1476
,203
,870
,1884
,2433
,797
,653
,1901
,2063
,909
,565
,564
,2329
,1550
,1802
,596
,1328
,2525
,190
,2976
,1259
,2165
,3065
,1480
,4456
,4540
,207
,533
,1762
,482
,878
,672
,2991
,290
,211
,1155
,395
,1688
,44
,1840
,398
,1335
,377
,1795
,936
,32
,553
,2685
,66
,963
,1573
,6440
,834
,562
,1808
,521
,61
,2606
,1009
,399
,670
,888
,532
,677
,863
,447
,520
,437
,356
,883
,850
,666
,1044
,1010
,110
,907
,1422
,11708
,10112
,2470
,426
,5591
,103
,6508
,225
,945
,550
,120
,1478
,11647
,795
,27081
,415
,829
,6844
,1673
,3857
,15873
,15894
,309
,449
,144
,9254
,10403
,1986
,1404
,24221
,4996
,4441
,1485
,5100
,9038
,1504
,412
,2408
,1092
,627
,319
,2144
,3254
,2953
,264
,3941
,270
,168
,1470
,342
,17854
,973
,7320
,2705
,725
,506
,1086
,1400
,91
,6492
,3116
,237
,476
,10291
,5396
,1065
,526
,563
,7639
,10685
,56
,10621
,2713
,180
,423
,196
,844
,424
,370
,492
,280
,4495
,9526
,2125
,35
,1156
,2348
,3916
,5961
,316
,361
,437
,1538
,3879
,250
,895
,5084
,560
,134
,228
,2568
,969
,342
,30
,1996
,279
,11240
,5454
,12920
,12368
,6999
,973
,2001
,1048
,3767
,1320
,572
,124
,1435
,2713
,1739
,302
,7398
,21641
,1657
,20496
,11637
,574
,18030
,20258
,17190
,3868
,1958
,2436
,3837
,867
,12599
,689
,16733
,7014
,201
,5323
,1031
,1674
,5959
,1847
,6956
,10740
,84
,6861
,116
,576
,979
,479
,1078
,1422
,2004
,663
,2478
,435
,136
,942
,140
,394
,3767
,354
,3382
,714
,183
,876
,1406
,199
,656
,361
,524
,458
,2457
,4825
,3332
,742
,77
,464
,34
,481
,51
,15374
,17476
,1589
,87
,5222
,1006
,261
,1150
,174
,557
,1625
,13812
,5467
,969
,1835
,525
,9319
,683
,8360
,14115
,3960
,441
,7036
,3003
,192
,439
,1532
,521
,2901
,5829
,1117
,822
,392
,2625
,94
,2236
,297
,2180
,249
,23930
,19169
,3935
,12199
,10203
,731
,156
,6044
,2068
,4238
,90
,676
,5443
,151
,1207
,465
,833
,397
,52
,677
,64
,7146
,2087
,866
,945
,2134
,5007
,525
,3072
,1320
,288
,2527
,1880
,1059
,4321
,933
,6249
,3784
,158
,6059
,2353
,3137
,4625
,2513
,4897
,1885
,4302
,3407
,1502
,96
,2410
,2606
,3166
,368
,1754
,2284
,134
,488
,448
,575
,927
,113
,1602
,294
,2923
,723
,117
,364
,12043
,10377
,28733
,17954
,63
,2118
,11242
,208
,9042
,1749
,442
,569
,1879
,748
,10328
,1052
,3109
,3226
,5683
,1406
,6087
,2938
,284
,1596
,1544
,2429
,1406
,2195
,2453
,1061
,1219
,2363
,901
,908
,2195
,2265
,1072
,1221
,1544
,556
,1183
,1682
,2781
,489
,960
,1321
,1760
,1982
,176
,243
,758
,474
,2429
,1232
,1450
,561
,4814
,950
,281
,862
,679
,3061
,213
,2882
,424
,563
,1028
,799
,409
,441
,173
,708
,1938
,2679
,64
,1738
,627
,258
,306
,1033
,699
,577
,487
,486
,1744
,126
,512
,474
,469
,931
,402
,531
,298
,171
,157
,311
,202
,263
,323
,195
,407
,306
,640
,146
,120
,526
,551
,453
,451
,1360
,8906
,1444
,651
,1978
,4690
,473
,8536
,921
,949
,1314
,3747
,64
,19971
,725
,6712
,441
,262
,248
,5870
,396
,158
,1358
,185
,7567
,458
,7990
,543
,197
,212
,1313
,595
,633
,764
,2662
,800
,493
,1823
,794
,2269
,119
,2366
,684
,3036
,2129
,865
,359
,732
,751
,2001
,869
,4538
,1351
,121
,2028
,1323
,1471
,2418
,4027
,2456
,3378
,909
,344
,2051
,642
,435
,1209
,2043
,1401
,195
,85
,265
,636
,1061
,237
,2654
,297
,1516
,280
,1059
,658
,1922
,13736
,584
,199
,903
,3574
,4982
,226
,1207
,43
,1914
,125
,2229
,6908
,608
,608
,612
,282
,330
,624
,645
,675
,3394
,481
,1255
,1262
,983
,1219
,70
,374
,242
,1357
,303
,438
,211
,781
,1157
,131
,5831
,1387
,465
,51
,953
,1096
,764
,370
,211
,360
,1127
,265
,178
,913
,1211
,1557
,588
,1338
,1082
,745
,436
,398
,5364
,2091
,278
,1507
,793
,618
,31
,282
,404
,5124
,369
,1325
,724
,59
,389
,224
,356
,2296
,330
,86
,940
,71
,694
,236
,366
,2500
,584
,585
,575
,354
,632
,2457
,1003
,81
,709
,662
,180
,317
,298
,966
,706
,662
,609
,1280
,64
,282
,1655
,247
,271
,305
,288
,591
,590
,592
,606
,997
,247
,568
,37
,605
,5124
,4031
,807
,676
,530
,355
,1969
,3400
,1291
,745
,3311
,3138
,245
,2217
,936
,3338
,303
,2514
,562
,341
,3090
,1683
,603
,161
,291
,687
,1922
,51
,518
,1165
,1769
,119
,6083
,124
,571
,282
,235
,1482
,780
,634
,1278
,740
,554
,1289
,1997
,4100
,39
,1367
,1965
,2110
,1865
,6115
,936
,1079
,119
,2425
,64
,1060
,4540
,854
,285
,767
,450
,192
,97
,378
,2357
,408
,462
,1001
,2058
,807
,1928
,1264
,821
,979
,82
,864
,169
,271
,253
,2833
,45
,3471
,1242
,4643
,896
,148
,513
,2247
,913
,5812
,5953
,575
,1148
,285
,161
,357
,2704
,4327
,113
,2963
,569
,591
,1171
,410
,473
,298
,566
,885
,159
,329
,1183
,374
,53
,6233
,2178
,1935
,1278
,771
,706
,173
,615
,427
,393
,308
,583
,459
,673
,3182
,1974
,2656
,327
,1455
,521
,1053
,9002
,313
,47
,249
,2074
,3329
,192
,220
,1444
,637
,239
,78
,2322
,2979
,741
,513
,293
,175
,1231
,483
,73
,601
,3347
,8818
,526
,3557
,431
,3797
,574
,663
,239
,198
,362
,1188
,2153
,365
,160
,1763
,5315
,2005
,307
,367
,947
,1136
,549
,85
,1177
,215
,701
,458
,224
,566
,1373
,343
,234
,1526
,1401
,1303
,340
,788
,789
,68
,281
,230
,245
,702
,36
,1160
,68
,1206
,567
,751
,808
,309
,356
,1931
,90
,1584
,1344
,74
,1280
,185
,4691
,718
,176
,836
,926
,406
,322
,458
,1093
,306
,629
,782
,907
,277
,548
,1488
,637
,84
,951
,94
,629
,120
,1021
,262
,407
,360
,157
,1278
,319
,1447
,454
,823
,1285
,155
,2072
,1793
,297
,245
,208
,429
,584
,871
,1069
,856
,729
,324
,477
,38
,308
,884
,1210
,280
,1158
,132
,1378
,243
,1577
,2473
,376
,677
,510
,359
,260
,1005
,690
,769
,1526
,1599
,403
,390
,1077
,253
,517
,353
,190
,482
,404
,1083
,243
,359
,48
,422
,562
,483
,150
,377
,906
,652
,1075
,310
,218
,109
,464
,143
,1155
,533
,477
,913
,558
,1127
,381
,895
,377
,905
,243
,361
,315
,137
,556
,378
,749
,428
,381
,202
,663
,322
,104
,492
,589
,426
,413
,2372
,3797
,1984
,2433
,363
,728
,721
,436
,243
,909
,460
,335
,1260
,117
,613
,323
,917
,34
,653
,286
,994
,1479
,198
,162
,644
,217
,1142
,1026
,405
,504
,72
,374
,385
,254
,235
,1424
,30
,502
,127
,646
,829
,1040
,1201
,423
,229
,342
,217
,341
,267
,328
,62
,239
,409
,1115
,2948
,346
,6024
,810
,526
,171
,1013
,2249
,606
,1222
,519
,1252
,244
,38
,437
,161
,157
,359
,422
,941
,475
,63
,1254
,524
,1590
,1671
,518
,1191
,324
,279
,272
,180
,986
,585
,81
,1277
,368
,2069
,544
,492
,1932
,1672
,195
,586
,141
,438
,266
,777
,395
,1720
,516
,383
,758
,30
,1475
,1411
,1404
,423
,453
,2032
,3704
,235
,288
,375
,1963
,1075
,426
,592
,1486
,570
,244
,3528
,1196
,1290
,347
,2072
,321
,154
,1654
,2121
,740
,615
,1333
,4652
,612
,558
,1291
,129
,532
,776
,559
,106
,504
,2134
,1140
,331
,864
,236
,453
,500
,212
,587
,215
,508
,221
,673
,1178
,2546
,880
,183
,518
,129
,395
,77
,446
,513
,122
,469
,1225
,647
,123
,1959
,311
,566
,567
,847
,823
,191
,299
,406
,238
,2216
,1043
,436
,202
,181
,284
,135
,723
,49
,501
,393
,891
,414
,171
,882
,534
,311
,602
,35
,559
,809
,2059
,91
,453
,416
,346
,544
,465
,302
,417
,50
,273
,346
,97
,816
,1008
,595
,128
,582
,473
,584
,135
,241
,428
,278
,322
,473
,203
,1469
,269
,1379
,269
,1048
,126
,266
,309
,511
,1332
,2329
,543
,1976
,1129
,997
,446
,190
,220
,237
,554
,729
,316
,332
,87
,1357
,547
,578
,530
,256
,991
,1755
,571
,217
,685
,233
,242
,247
,561
,367
,117
,412
,67
,1372
,760
,374
,303
,174
,983
,3291
,676
,474
,222
,872
,321
,3351
,200
,1033
,132
,303
,718
,367
,1753
,361
,557
,1570
,75
,1495
,222
,355
,4775
,2256
,180
,2313
,292
,1769
,100
,352
,496
,424
,279
,795
,1440
,341
,127
,629
,722
,204
,815
,298
,107
,232
,418
,604
,277
,430
,258
,271
,370
,151
,187
,525
,2621
,387
,756
,1036
,371
,47
,508
,3739
,289
,418
,988
,3250
,1134
,1324
,214
,252
,517
,692
,227
,359
,450
,1112
,2461
,391
,1120
,139
,741
,293
,207
,2880
,106
,322
,1099
,330
,443
,293
,404
,260
,658
,832
,564
,455
,702
,66
,345
,1599
,181
,158
,348
,349
,942
,482
,615
,649
,565
,469
,213
,211
,450
,275
,533
,1012
,749
,350
,89
,199
,284
,174
,462
,52
,1208
,1126
,308
,482
,262
,164
,348
,204
,221
,675
,236
,493
,1821
,1187
,379
,480
,267
,126
,352
,207
,178
,1005
,1858
,607
,272
,87
,1829
,284
,801
,206
,789
,43
,285
,427
,54
,318
,611
,469
,120
,246
,360
,782
,439
,805
,253
,84
,317
,641
,332
,942
,54
,325
,252
,323
,157
,499
,327
,1202
,187
,349
,478
,262
,221
,663
,668
,648
,1872
,198
,733
,251
,620
,350
,551
,248
,292
,702
,61
,545
,745
,257
,1638
,210
,153
,674
,477
,201
,544
,107
,1297
,236
,512
,324
,209
,442
,667
,114
,364
,901
,151
,710
,41
,781
,919
,431
,669
,742
,302
,181
,299
,466
,660
,550
,1108
,384
,430
,259
,199
,398
,661
,843
,276
,412
,1341
,472
,197
,658
,349
,300
,235
,462
,811
,474
,700
,474
,441
,715
,307
,575
,466
,100
,888
,66
,277
,366
,281
,237
,277
,153
,256
,307
,307
,78
,434
,1316
,615
,598
,592
,590
,602
,1206
,1972
,643
,651
,645
,387
,237
,617
,621
,633
,1272
,634
,637
,1305
,651
,646
,650
,640
,294
,952
,617
,628
,459
,192
,663
,655
,666
,494
,153
,145
,1005
,1055
,441
,627
,2429
,608
,1265
,639
,642
,2554
,629
,646
,647
,631
,2573
,3687
,873
,1378
,643
,685
,1808
,943
,280
,1236
,1033
,381
,445
,634
,627
,635
,557
,34
,1629
,185
,1562
,806
,1159
,2258
,318
,258
,575
,583
,403
,1905
,924
,377
,441
,445
,199
,1144
,55
,4158
,3040
,122
,2284
,2208
,2178
,269
,378
,788
,256
,776
,2020
,459
,349
,311
,286
,2493
,161
,218
,2227
,2712
,385
,415
,947
,921
,444
,2423
,435
,136
,553
,1282
,303
,288
,244
,641
,1039
,545
,680
,487
,622
,330
,203
,709
,505
,502
,280
,595
,911
,1163
,66
,263
,282
,557
,256
,648
,408
,156
,860
,592
,436
,291
,647
,467
,1096
,39
,314
,1424
,537
,376
,264
,257
,295
,818
,232
,407
,272
,1021
,1050
,439
,792
,280
,402
,217
,1679
,2395
,245
,72
,248
,871
,1276
,752
,1717
,500
,4519
,243
,349
,1624
,784
,608
,761
,1842
,2460
,299
,756
,1265
,125
,452
,434
,110
,605
,978
,714
,2428
,898
,1575
,2913
,982
,665
,935
,1043
,2517
,866
,2609
,596
,134
,639
,4797
,83
,938
,804
,280
,7672
,1726
,1499
,69
,3403
,372
,944
,287
,320
,2193
,702
,525
,91
,2516
,254
,469
,613
,219
,575
,604
,163
,555
,1411
,264
,389
,151
,2039
,1812
,601
,392
,1077
,2374
,834
,222
,2223
,239
,3075
,126
,1252
,1345
,163
,202
,2602
,426
,368
,1924
,1009
,972
,425
,1539
,617
,128
,347
,278
,2859
,723
,74
,630
,1462
,868
,630
,333
,1106
,752
,1025
,825
,408
,895
,99
,796
,523
,621
,255
,306
,607
,193
,157
,341
,227
,615
,997
,145
,1896
,213
,1829
,508
,331
,827
,594
,593
,1541
,277
,2261
,367
,320
,157
,454
,606
,572
,1158
,198
,809
,1500
,645
,489
,925
,269
,599
,1980
,811
,630
,104
,559
,665
,389
,553
,731
,861
,660
,706
,437
,170
,2643
,696
,225
,332
,245
,67
,787
,395
,57
,576
,379
,174
,1051
,190
,223
,627
,157
,1129
,644
,378
,5695
,198
,1001
,595
,1783
,600
,611
,650
,684
,681
,671
,676
,175
,500
,661
,644
,640
,640
,645
,653
,668
,1394
,697
,691
,683
,678
,667
,648
,646
,635
,630
,624
,629
,1298
,658
,653
,668
,667
,660
,669
,666
,646
,625
,625
,612
,1786
,599
,625
,630
,186
,462
,667
,674
,1299
,391
,227
,171
,435
,1789
,1202
,1071
,1847
,583
,929
,850
,460
,852
,800
,1092
,1269
,765
,374
,1397
,201
,792
,4921
,1673
,256
,1064
,3530
,925
,2817
,397
,2313
,448
,201
,3601
,908
,797
,1037
,4585
,812
,3112
,4515
,2256
,2817
,2539
,2127
,1503
,2455
,1512
,626
,653
,667
,2726
,2277
,1166
,578
,1905
,363
,844
,663
,683
,694
,712
,732
,740
,733
,717
,702
,682
,5072
,1422
,2258
,629
,2654
,642
,715
,427
,1508
,1703
,2728
,1550
,3120
,715
,986
,744
,411
,948
,595
,603
,592
,612
,177
,968
,3615
,5690
,3240
,334
,39
,1077
,3697
,1889
,537
,9217
,80
,502
,375
,288
,57
,366
,566
,712
,1475
,1963
,709
,1260
,570
,597
,589
,391
,192
,329
,598
,1324
,586
,1193
,302
,78
,378
,797
,68
,671
,249
,72
,1005
,1664
,1509
,736
,945
,169
,4626
,266
,338
,4656
,865
,1372
,529
,71
,3267
,11068
,736
,733
,1384
,2674
,619
,606
,596
,592
,594
,609
,1258
,668
,4765
,719
,725
,728
,632
,80
,881
,1084
,608
,600
,600
,551
,78
,698
,166
,574
,733
,712
,719
,726
,720
,718
,711
,698
,690
,677
,676
,697
,725
,750
,746
,756
,782
,783
,760
,741
,696
,665
,652
,642
,638
,640
,646
,642
,634
,635
,624
,643
,1292
,654
,671
,686
,691
,699
,1385
,677
,653
,648
,658
,686
,721
,794
,823
,801
,755
,710
,696
,703
,715
,740
,750
,752
,746
,743
,729
,728
,714
,706
,679
,672
,684
,715
,754
,776
,776
,755
,740
,732
,718
,463
,238
,684
,660
,659
,424
,385
,1713
,696
,187
,2302
,162
,4647
,1883
,461
,178
,4896
,266
,1418
,139
,1288
,856
,2723
,5061
,1020
,10408
,521
,217
,701
,11117
,1947
,511
,884
,262
,773
,354
,2746
,5056
,2033
,6613
,925
,115
,164
,331
,593
,566
,399
,1674
,400
,725
,1193
,3789
,1401
,1168
,1612
,127
,1964
,8364
,1227
,116
,1173
,939
,1071
,708
,210
,7524
,1129
,8621
,174
,904
,975
,186
,875
,238
,19733
,717
,10270
,4724
,2195
,3530
,5156
,1799
,597
,1242
,563
,246
,12479
,419
,19962
,263
,363
,584
,440
,9988
,4060
,1070
,734
,493
,12264
,15185
,18725
,8110
,1107
,73
,538
,4653
,47
,515
,1829
,158
,702
,76
,325
,728
,184
,209
,280
,319
,1103
,39
,287
,265
,267
,544
,3595
,1945
,12763
,14285
,7673
,10313
,260
,336
,5422
,375
,612
,187
,1924
,1120
,1056
,2108
,16413
,104
,379
,11399
,23727
,24528
,1066
,13355
,877
,5080
,1082
,816
,4558
,435
,27239
,17118
,418
,11670
,756
,427
,4049
,4148
,15500
,725
,13312
,12377
,8592
,451
,12214
,29369
,23349
,528
,6983
,14419
,24902
,498
,1397
,989
,315
,380
,2962
,1166
,1199
,474
,123
,3833
,19496
,2360
,2441
,247
,511
,16969
,6134
,18555
,16782
,673
,14843
,1551
,88
,7740
,2387
,2642
,1009
,3260
,5378
,238
,751
,618
,243
,814
,438
,667
,419
,3206
,150
,400
,2022
,553
,3078
,1904
,865
,304
,447
,2311
,257
,955
,797
,612
,1946
,475
,935
,3570
,343
,878
,265
,933
,214
,250
,652
,488
,266
,118
,287
,673
,932
,3189
,773
,676
,525
,1771
,467
,218
,689
,433
,251
,960
,241
,263
,782
,356
,354
,23972
,1146
,9419
,3533
,388
,20811
,1277
,86
,15866
,10484
,823
,1005
,733
,4945
,18155
,5413
,55
,418
,55
,708
,98
,259
,5381
,928
,1502
,1658
,5927
,1614
,1252
,3125
,247
,972
,1308
,51
,714
,59
,436
,747
,8545
,488
,358
,882
,1926
,63
,1409
,1897
,2428
,1473
,418
,2885
,1747
,7795
,638
,1479
,362
,1445
,2521
,1794
,655
,396
,23101
,319
,289
,3359
,1522
,1723
,349
,1051
,807
,10562
,362
,8
,157
,959
,459
,7078
,915
,2507
,3843
,677
,147
,183
,2704
,704
,134
,10333
,3274
,585
,414
,685
,305
,1658
,19993
,651
,2973
,5433
,115
,2618
,6294
,1203
,4660
,3143
,833
,3615
,938
,2258
,196
,6289
,3367
,614
,721
,1607
,409
,163
,14106
,216
,1230
,3353
,10785
,174
,804
,10340
,543
,497
,698
,32
,2481
,1708
